step,test_acc
200,0.946915064103
400,0.970452724359
600,0.974659455128
800,0.982371794872
1000,0.983173076923
1200,0.985977564103
1400,0.986979166667
1600,0.989082532051
1800,0.98828125
2000,0.988581730769
2200,0.988882211538
2400,0.988381410256
