step,loss
0,0.900306
100,0.0917155
200,0.0492386
