step,train_acc
0,0.0625
100,0.9765625
200,0.9765625
300,0.9921875
400,0.9765625
500,0.9921875
600,0.984375
700,1.0
800,0.9921875
900,0.984375
1000,0.96875
1100,1.0
1200,1.0
1300,0.9921875
1400,1.0
1500,0.9921875
1600,1.0
1700,1.0
1800,1.0
1900,1.0
2000,1.0
2100,1.0
2200,1.0
2300,1.0
2400,0.9921875
2500,1.0
2600,1.0
2700,1.0
2800,1.0
2900,1.0
3000,1.0
3100,1.0
3200,1.0
3300,1.0
3400,1.0
3500,1.0
3600,1.0
3700,1.0
3800,1.0
