step,train_acc
0,0.1171875
100,0.9140625
200,0.9921875
